,2026-02-24,2026-02-25,2026-02-26,2026-02-27,2026-02-28,2026-03-01,2026-03-02,2026-03-03,2026-03-04,2026-03-05,2026-03-06,2026-03-07,2026-03-08,2026-03-09,2026-03-10,2026-03-11,2026-03-12,2026-03-13,2026-03-14,2026-03-15,2026-03-16,2026-03-17,2026-03-18,2026-03-19,2026-03-20,2026-03-21,2026-03-22,2026-03-23,2026-03-24,2026-03-25,2026-03-26,2026-03-27,2026-03-28,2026-03-29,2026-03-30,2026-03-31,2026-04-01,2026-04-02,2026-04-03,2026-04-04,2026-04-05,2026-04-06,2026-04-07,2026-04-08,2026-04-09,2026-04-10,2026-04-11,2026-04-13,2026-04-14,2026-04-15,2026-04-16,2026-04-17,2026-04-18,2026-04-19,2026-04-20,2026-04-21,2026-04-22,2026-04-23,2026-04-24,2026-04-25,2026-04-26,2026-04-27,2026-04-28,2026-04-29,2026-04-30,2026-05-01,2026-05-02,2026-05-04,2026-05-05,2026-05-31
Todos,4439,4439,4439,4439,4439,4439,4439,4455,4455,4455,4457,4473,4473,4473,4429,4364,4362,4351,4351,4351,4351,4382,4382,4382,4382,4382,4410,4410,4410,4410,4410,4418,4418,4418,4418,4418,4420,4420,4420,4420,4420,4420,4442,4442,4441,4441,4441,4440,4442,4443,4443,4443,4444,4444,4444,4444,4457,4407,4407,4407,4407,4407,4407,4407,4407,4407,4407,4407,4407,4382
ACCOLTO,554,554,554,554,554,554,554,554,554,554,554,554,554,554,554,554,554,554,554,554,554,554,554,554,554,554,554,,,,,,,,,,,,,,,,559,559,559,559,559,559,559,559,559,559,559,559,559,559,559,559,559,559,559,559,559,559,559,559,559,559,559,559
ASSEGNATO A GIUDICE,1774,1774,1774,1774,1774,1774,1774,1790,1790,1790,1768,1784,1784,1784,1784,1719,1717,1706,1706,1706,1706,1737,1737,1737,1737,1737,1756,1756,1756,1756,1756,1767,1767,1767,1767,1766,1766,1766,1766,1766,1766,1766,1788,1788,1788,1788,1788,1787,1789,1790,1790,1790,1791,1791,1791,1791,1804,1804,1802,1802,1802,1802,1802,1802,1802,1802,1802,1802,1802,1805
ATTESA DEPOSITO NOTE IN SOSTITUZIONE UDIENZA,667,667,718,720,720,720,720,708,709,697,726,720,720,720,713,713,705,698,698,698,698,688,688,691,691,691,688,688,688,688,688,691,691,691,691,683,679,658,658,658,658,658,690,695,732,724,724,723,723,719,708,708,696,694,694,694,695,645,647,638,638,638,638,638,638,638,638,638,638,513
ATTESA DEPOSITO PROVVEDIMENTI,2,2,2,2,2,2,2,2,2,2,3,3,3,3,2,2,2,2,2,2,2,2,2,2,2,2,2,,,,,,,,,,,,,,,,2,2,2,2,2,2,2,2,2,2,2,2,2,2,2,2,2,2,2,2,2,2,2,2,2,2,2,2
ATTESA ESITO UDIENZA DI COMPARIZIONE,233,233,173,162,162,162,162,162,162,162,150,150,150,150,106,106,106,106,106,106,106,105,105,105,105,105,105,105,105,105,105,81,81,81,81,81,81,81,81,81,81,81,49,48,3,3,3,3,3,3,3,3,3,3,3,3,3,3,3,2,2,2,2,2,2,2,2,2,2,2
ESTINTO,14,14,14,14,14,14,14,14,14,14,14,14,14,14,14,14,14,14,14,14,14,14,14,14,14,14,14,,,,,,,,,,,,,,,,19,19,19,19,19,19,19,19,19,19,19,19,19,19,19,19,19,19,19,19,19,19,19,19,19,19,19,20
INCOMPETENTE,2,2,2,2,2,2,2,2,2,2,2,2,2,2,2,2,2,2,2,2,2,2,2,2,2,2,2,,,,,,,,,,,,,,,,2,2,2,2,2,3,3,3,3,3,3,3,3,3,3,3,3,3,3,3,3,3,3,3,3,3,3,3
PROCEDIMENTO DEFINITO,1108,1108,1144,1144,1144,1144,1158,1166,1188,1188,1197,1197,1197,1200,1201,1220,1220,1220,1224,1224,1224,1230,1230,1233,1233,1233,1233,1233,1233,1233,1233,1243,1243,1243,1253,1264,1270,1271,1271,1271,1271,1271,1272,1273,1280,1283,1283,1283,1283,1291,1295,1295,1311,1322,1322,1322,1330,1337,1337,1338,1338,1338,1338,1338,1338,1338,1338,1338,1338,1398
RISERVATO,85,85,58,67,67,67,53,57,34,46,43,49,49,46,53,34,42,45,45,45,45,50,50,44,44,44,47,47,47,47,47,58,58,58,48,44,42,62,62,62,62,62,61,56,56,61,61,61,61,57,64,64,60,51,51,51,42,35,35,44,44,44,44,44,44,44,44,44,44,80
Sentenças do dia,28,16,39,11,2,0,16,9,22,0,9,0,0,3,1,19,0,50,0,0,6,0,0,3,0,0,0,0,0,0,0,9,0,0,14,9,6,0,1,0,0,0,1,1,7,3,0,0,0,8,4,0,16,11,0,0,8,7,0,1,0,0,0,0,0,0,0,0,0,60
Processos agendados presencial 2023,20,20,20,26,26,26,26,26,26,26,14,14,14,14,2,2,2,2,2,2,2,1,1,1,1,1,1,1,1,1,1,1,1,1,1,1,1,1,1,1,1,1,1,,,,,,,,,,,,,,,,,,,,,,,,,,,
Processos agendados presencial 2024,135,135,135,135,135,135,135,135,135,135,135,135,135,135,103,103,103,103,103,103,103,103,103,103,103,103,103,103,103,103,103,80,80,80,80,80,79,79,79,79,79,79,47,,,,,,,,,,,,,,,,,,,,,,,,,,,
Fila para marcação 704/2025,166,166,166,166,166,166,166,166,166,166,142,142,142,142,142,77,75,64,64,64,64,64,64,64,64,64,64,64,64,64,64,64,64,64,64,64,64,64,64,64,64,64,64,64,64,64,64,64,64,64,64,64,65,65,65,65,65,65,65,65,65,65,65,65,65,65,65,65,65,60
Fila para sentença,1151,1151,1115,1115,1115,1115,1101,1093,1071,1071,1061,1061,1061,1058,1014,930,928,913,913,913,913,907,907,904,904,904,904,904,904,904,904,894,894,894,884,872,866,865,865,865,865,865,864,863,855,852,852,851,851,843,839,839,824,813,813,813,805,748,750,749,749,749,749,749,749,749,749,749,749,655
Processos de 2025,1526,1526,1526,1526,1526,1526,1526,1526,1526,1526,1526,1526,1526,1526,1526,1526,1526,1526,1526,1526,1526,1526,1526,1526,1526,1526,1526,1526,1526,1526,1526,1525,1525,1525,1525,1524,1524,1524,1524,1524,1524,1524,1524,1536,1536,1536,1536,1536,1536,1536,1536,1536,1536,1536,1536,1536,1536,1536,1536,1536,1536,1536,1536,1536,1536,1536,1536,1536,1536,1536
Média sentenças diárias,28,22,27.666666666666668,23.5,19.2,16,16,15.125,15.88888888888889,14.3,13.818181818181818,12.666666666666666,11.692307692307692,11.071428571428571,10.4,10.9375,10.294117647058824,12.5,11.842105263157896,11.25,11,10.5,10.043478260869565,9.75,9.36,9,8.666666666666666,8.357142857142858,8.068965517241379,7.8,7.548387096774194,7.59375,7.363636363636363,7.147058823529412,7.3428571428571425,7.388888888888889,7.351351351351352,7.157894736842105,7,6.825,6.658536585365853,6.5,6.372093023255814,6.25,6.27,6.2,6.06,5.94,5.82,5.86,5.82,5.71,5.91,6,5.89,5.79,5.82,5.84,5.75,5.67,5.57,5.48,5.4,5.31,5.23,5.15,5.07,5,4.93,5.71
Dias para sentença,41.107142857142854,52.31818181818182,40.3012048192771,47.4468085106383,58.07291666666667,69.6875,68.8125,72.26446280991736,67.4055944055944,74.8951048951049,76.78289473684211,83.76315789473685,90.74342105263159,95.56129032258065,97.5,85.02857142857142,90.14857142857142,73.04,77.09777777777778,81.15555555555555,83,86.38095238095238,90.30735930735932,92.71794871794872,96.5811965811966,100.44444444444444,104.30769230769232,108.17094017094017,112.03418803418803,115.8974358974359,119.76068376068375,117.72839506172839,121.40740740740742,125.08641975308642,120.38910505836576,118.01503759398496,117.80147058823529,120.84558823529412,123.57142857142857,126.73992673992673,129.9084249084249,133.07692307692307,135.5912408759124,138.08,136.44,137.52,140.51,143.33,146.31,143.86,144.07,146.9,139.53,135.5,138.01,140.52,138.21,127.98,130.53,132.18,134.38,136.58,138.79,140.99,143.19,145.39,147.6,149.8,152,114.62
Data estimada sentença,2026-05-18,2026-05-29,2026-05-17,2026-05-24,2026-06-04,2026-06-16,2026-06-15,2026-06-18,2026-06-13,2026-06-21,2026-06-23,2026-06-30,2026-07-07,2026-07-12,2026-07-14,2026-07-01,2026-07-06,2026-06-19,2026-06-23,2026-06-27,2026-06-29,2026-07-02,2026-07-06,2026-07-09,2026-07-13,2026-07-16,2026-07-20,2026-07-24,2026-07-28,2026-08-01,2026-08-05,2026-08-03,2026-08-06,2026-08-10,2026-08-05,2026-08-03,2026-08-03,2026-08-06,2026-08-09,2026-08-12,2026-08-15,2026-08-18,2026-08-21,2026-08-24,2026-08-23,2026-08-25,2026-08-29,2026-09-03,2026-09-07,2026-09-05,2026-09-07,2026-09-10,2026-09-04,2026-09-01,2026-09-05,2026-09-08,2026-09-07,2026-08-28,2026-09-01,2026-09-04,2026-09-07,2026-09-10,2026-09-13,2026-09-16,2026-09-20,2026-09-23,2026-09-26,2026-09-30,2026-10-04,2026-09-22
